ID,age,gender
sub-IXI591,59.89322382,1
sub-OAS30756d0409,54.0,1
sub-IXI193,55.23887748,1
sub-A00039353,52.0,1
sub-A00055061,53.0,1
sub-0025134,53.96,0
sub-0026001,54.0,0
sub-0025999,56.0,0
sub-OAS30995d0054,58.0,0
sub-OAS30492d0090,57.0,0
sub-A00066302,57.0,1
sub-A00028822,57.0,1
sub-OAS31157d1361,51.0,1
sub-OAS30038d3308,57.511295,1
sub-A00065572,54.0,1
sub-OAS30711d3286,58.239563,1
sub-59359,51.0,1
sub-A00031872,59.0,0
sub-OAS30368d0000,56.391514,0
sub-OAS30222d1000,54.0,0
sub-A00061647,52.0,1
sub-OAS30008d1313,55.0,1
sub-IXI432,57.73853525,0
sub-84314,58.0,0
sub-OAS30483d0947,57.0,1
sub-OAS30079d2668,53.0,1
sub-0025595,59.0,0
sub-A00039432,59.0,1
sub-OAS30112d0000,53.47844,0
sub-0026140,58.0,1
sub-OAS30690d0000,59.687885,0
sub-OAS30188d3844,55.0,1
sub-A00043635,50.0,0
sub-OAS31087d1203,57.420944,0
sub-A00065743,51.0,1
sub-0026000,54.0,0
sub-A00039276,58.0,1
sub-OAS31119d1493,57.0,0
sub-OAS30203d0203,58.0,0
sub-IXI431,58.7816564,1
sub-IXI578,57.86447639,0
sub-A00041049,58.0,1
sub-A00060005,56.0,1
sub-OAS31040d0000,58.77892,1
sub-A00028152,51.0,0
sub-OAS31078d1173,55.0,1
sub-35370,59.0,1
sub-OAS31072d3537,55.0,0
sub-A00063031,56.0,1
sub-IXI396,53.56605065,1
sub-0025986,57.0,1
sub-OAS30568d1284,58.0,1
sub-IXI016,55.16769336,0
sub-OAS30633d0000,54.81451,1
sub-0025406,59.0,0
sub-14692,53.0,1
sub-OAS30032d0262,50.0,1
sub-IXI536,58.83093771,1
sub-A00066013,50.0,1
sub-OAS30009d1210,52.0,1
sub-0025589,50.0,1
sub-A00061634,51.0,1
sub-0025993,50.0,1
sub-OAS30395d1241,56.0,1
sub-OAS30758d0007,50.0,1
sub-OAS30590d0085,58.0,0
sub-56108,51.0,1
sub-OAS30748d0000,54.642025,1
sub-OAS30715d1230,56.0,0
sub-OAS30059d1188,52.0,1
sub-OAS31099d3526,55.0,1
sub-A00037767,54.0,1
sub-OAS31078d0027,52.0,1
sub-OAS30005d1274,51.0,1
sub-IXI120,53.67008898,1
sub-OAS30017d0054,53.0,1
sub-OAS31167d3319,51.520878,0
sub-A00033589,58.0,1
sub-OAS30531d1347,55.0,1
sub-OAS30709d1365,51.0,1
sub-IXI351,56.91991786,1
sub-OAS30568d1281,58.0,1
sub-IXI212,59.12936345,0
sub-OAS30219d0064,59.0,1
sub-OAS30020d0092,52.0,1
sub-IXI299,53.4072553,1
sub-OAS30715d0061,52.0,0
sub-OAS30857d2255,56.0,0
sub-76042,58.0,1
sub-OAS30621d0452,58.0,0
sub-IXI651,50.39561944,0
sub-OAS30062d0087,51.0,1
sub-OAS30419d3307,56.0,1
sub-A00054358,56.0,1
sub-OAS30756d1267,56.0,1
sub-OAS30647d1286,58.0,1
sub-OAS30581d1374,53.0,1
sub-IXI211,55.11841205,0
sub-OAS30535d1329,55.0,1
sub-OAS30112d0091,53.0,0
sub-OAS30253d1288,58.0,1
sub-A00029215,54.0,1
sub-OAS30600d1111,53.48118,1
sub-13478,50.0,0
sub-OAS30968d0166,59.0,1
sub-OAS31048d1151,59.0,0
sub-OAS30826d0217,59.0,0
sub-OAS30608d1272,59.0,0
sub-IXI157,54.4257358,1
sub-IXI079,52.5338809,1
sub-OAS31064d2091,54.0,0
sub-OAS30499d0067,57.0,1
sub-80895,53.0,0
sub-OAS30314d6954,56.56126,1
sub-OAS30735d1046,57.26215,1
sub-A00055352,59.0,1
sub-OAS30253d1235,54.97057,1
sub-A00066162,52.0,1
sub-OAS30483d0020,55.0,1
sub-IXI413,59.83572895,1
sub-OAS30131d0632,51.0,0
sub-OAS30803d0702,54.0,1
sub-IXI318,54.48596851,1
sub-OAS30037d0154,59.0,1
sub-0027049,51.0,0
sub-OAS30462d1232,54.0,0
sub-A00063481,53.0,1
sub-OAS30297d1712,53.0,1
sub-OAS30005d3453,57.0,1
sub-OAS30390d2428,57.0,0
sub-IXI411,53.41273101,1
sub-OAS30444d1471,59.0,1
sub-OAS30821d0068,57.0,1
sub-IXI544,58.04243669,1
sub-OAS30200d0075,53.0,0
sub-A00066237,53.0,1
sub-OAS31048d2272,56.120464,0
sub-OAS30079d1833,50.0,1
sub-OAS30367d0055,58.0,1
sub-OAS30709d2096,53.0,1
sub-OAS30113d4361,53.14716,0
sub-OAS31116d0000,50.806297,0
sub-OAS30846d0160,58.0,1
sub-OAS30989d0109,51.0,1
sub-OAS30009d2457,55.0,1
sub-IXI412,58.56810404,1
sub-21944,50.0,1
sub-OAS30446d6923,56.566734,0
sub-OAS30020d0911,54.0,1
sub-A00037267,54.0,1
sub-OAS30227d0000,58.0,1
sub-IXI255,57.70294319,1
sub-OAS31058d3429,59.485283,0
sub-0021002,52.0,1
sub-A00088341,53.0,1
sub-OAS30486d1198,54.63929,0
sub-A00040439,58.0,1
sub-A00043634,58.0,1
sub-OAS31048d0122,56.0,0
sub-IXI406,58.28336756,1
sub-A00031893,51.0,1
sub-0026175,58.0,1
sub-58250,54.0,1
sub-A00088063,50.0,1
sub-IXI368,54.21492129,1
sub-IXI405,58.56810404,1
sub-OAS30368d0056,56.0,0
sub-OAS31147d0000,55.827515,0
sub-IXI206,50.02327173,1
sub-OAS30960d0061,52.0,1
sub-OAS31023d0070,53.0,1
sub-A00037646,53.0,1
sub-OAS30668d2432,54.0,1
sub-OAS30008d2035,57.0,1
sub-0026123,58.0,1
sub-A00060264,52.0,1
sub-OAS31059d3491,54.0,1
sub-A00039168,50.0,0
sub-06870,57.0,0
sub-OAS30256d1284,57.0,1
sub-A00073529,54.0,1
sub-OAS30989d0000,51.2115,1
sub-0025380,55.0,0
sub-IXI616,55.08829569,0
sub-OAS30960d0831,54.0,1
sub-OAS30419d2360,53.0,1
sub-OAS30946d0096,53.0,1
sub-A00037386,57.0,1
sub-IXI394,53.74948665,0
sub-A00065478,54.0,1
sub-OAS30693d0000,52.232716,1
sub-A00065873,52.0,1
sub-OAS30786d3713,58.0,0
sub-OAS31103d0170,55.0,1
sub-OAS30090d0000,52.72553,0
sub-OAS30020d0000,51.791924,1
sub-A00037588,57.0,0
sub-IXI556,55.63586585,0
sub-A00039635,53.0,1
sub-A00037726,56.0,1
sub-OAS30633d0111,55.0,1
sub-OAS30900d0000,57.916496,0
sub-OAS30241d1203,50.0,1
sub-A00066154,53.0,1
sub-OAS30632d0106,57.0,0
sub-OAS30156d0503,50.0,1
sub-OAS30568d0073,55.0,1
sub-IXI642,57.06776181,0
sub-A00043325,56.0,0
sub-IXI397,51.65776865,1
sub-OAS30483d0000,55.383984,1
sub-OAS30494d0059,51.0,0
sub-OAS30963d3464,58.0,0
sub-75919,50.0,1
sub-A00088403,51.0,1
sub-OAS30293d0056,56.0,1
sub-IXI132,58.71594798,0
sub-OAS30502d0395,52.0,1
sub-OAS30997d0000,59.230663,1
sub-A00040594,51.0,0
sub-OAS30986d2308,57.0,1
sub-A00066419,53.0,1
sub-A00052577,50.0,1
sub-OAS30131d1901,54.0,0
sub-OAS30216d2633,56.353184,1
sub-OAS30113d1301,56.0,0
sub-A00028339,56.0,1
sub-OAS30715d0000,52.81314,0
sub-OAS30626d1189,56.07392,1
sub-OAS30083d0465,59.0,1
sub-A00057445,56.0,1
sub-0025596,58.0,1
sub-OAS31064d3439,57.0,0
sub-0025987,58.0,1
sub-OAS30284d0094,54.0,1
sub-IXI312,59.14852841,1
sub-OAS30531d0108,52.0,1
sub-OAS30235d0139,57.0,0
sub-OAS30400d0000,53.92745,0
sub-OAS30900d0051,58.0,0
sub-OAS31009d3294,58.590008,0
sub-A00038957,50.0,1
sub-OAS30673d3803,55.0,1
sub-3795193,57.0,1
sub-92028,56.0,1
sub-OAS31165d0426,57.0,0
sub-OAS30482d1408,58.0,1
sub-IXI428,55.54004107,1
sub-IXI353,52.6899384,1
sub-A00040461,52.0,1
sub-82221,56.0,0
sub-OAS30113d2280,59.0,0
sub-A00073230,59.0,1
sub-A00054895,59.0,1
sub-A00088408,58.0,1
sub-OAS30008d0061,52.0,1
sub-A00040116,50.0,1
sub-OAS30523d0027,51.0,1
sub-OAS31072d4621,58.0,0
sub-61779,56.0,1
sub-OAS30756d0022,52.0,1
sub-OAS30742d0058,58.0,0
sub-IXI295,50.90212183,1
sub-0026165,58.0,0
sub-OAS30372d3423,54.3655,1
sub-A00028430,57.0,1
sub-A00039699,59.0,0
sub-A00039685,50.0,0
sub-IXI402,53.53593429,1
sub-A00044154,53.0,1
sub-IXI061,59.00342231,1
sub-OAS30523d0000,51.663246,1
sub-A00033834,51.0,1
sub-OAS30365d5951,58.502396,1
sub-A00028605,59.0,0
sub-OAS30203d0484,58.41205,0
sub-OAS30535d0139,52.0,1
sub-A00029230,51.0,1
sub-A00037545,58.0,0
sub-0025136,52.63,0
sub-IXI610,56.67624914,0
sub-OAS30986d2238,51.40315,1
sub-0026174,59.0,0
sub-IXI302,59.50992471,0
sub-OAS30395d1101,53.245724,1
sub-OAS30803d3352,52.31759,1
sub-OAS30646d0062,59.0,0
sub-OAS30400d0070,54.0,0
sub-OAS30792d0106,59.0,1
sub-OAS30947d0595,59.0,0
sub-OAS30303d1834,58.17933,1
sub-A00065722,59.0,0
sub-A00037817,55.0,1
sub-OAS30367d3338,57.916496,1
sub-IXI569,56.96372348,0
sub-OAS30492d0000,57.31143,0
sub-A00062929,57.0,1
sub-A00034400,59.0,1
sub-OAS30188d1788,50.0,1
sub-OAS30462d0020,51.0,0
sub-0025377,55.0,1
sub-0003037,59.73,1
sub-OAS30968d0000,59.356606,1
sub-OAS30256d0000,53.0,1
sub-46312,51.0,1
sub-OAS31070d0084,57.0,1
sub-OAS30093d0056,59.0,1
sub-A00031452,50.0,0
sub-A00060574,57.0,1
sub-A00035562,51.0,1
sub-OAS30008d1327,55.0,1
sub-OAS30032d3499,59.0,1
sub-OAS30730d0075,56.0,1
sub-OAS30742d3361,58.21766,0
sub-OAS30067d0000,56.785763,0
sub-OAS30037d0000,58.792606,1
sub-OAS30403d2277,58.51882,1
sub-A00037635,59.0,0
sub-OAS30482d0140,54.0,1
sub-IXI629,59.26351814,0
sub-A00040383,52.0,1
sub-OAS30709d0885,50.0,1
sub-76325,57.0,1
sub-IXI316,56.93908282,0
sub-OAS30256d2271,53.568787,1
sub-A00028184,57.0,0
sub-OAS30249d0749,52.0,0
sub-IXI321,54.74332649,1
sub-0025135,55.03,0
sub-OAS30462d0034,51.0,0
sub-OAS30293d0000,56.681725,1
sub-IXI279,51.88227242,0
sub-OAS30182d0000,56.580425,0
sub-OAS30956d0000,56.75291,1
sub-OAS30571d0000,54.392883,1
sub-OAS31119d0000,53.190964,0
sub-IXI019,58.65845311,0
sub-A00051529,57.0,1
sub-36386,57.0,0
sub-OAS30359d0000,56.098564,1
sub-A00051882,53.0,1
sub-OAS30986d1188,54.0,1
sub-IXI162,50.52429843,0
sub-56333,53.0,0
sub-A00050742,53.0,1
sub-OAS30483d0006,55.0,1
sub-OAS30003d2970,58.77344,1
sub-OAS30231d3617,55.0,1
sub-OAS30395d0002,53.0,1
sub-IXI550,59.90691307,1
sub-87784,58.0,0
sub-OAS30981d0000,59.893223,1
sub-OAS30960d3448,52.068447,1
sub-OAS30249d1238,54.0,0
sub-90917,54.0,1
sub-0026003,52.0,0
sub-OAS30715d0060,52.0,0
sub-A00039331,59.0,1
sub-OAS30462d0469,52.0,0
sub-OAS30857d1263,53.0,0
sub-A00040500,51.0,1
sub-OAS30235d0000,57.420944,0
sub-OAS30403d0091,58.0,1
sub-OAS30243d0034,50.0,1
sub-OAS31167d0769,53.0,0
sub-OAS31103d3732,55.455166,1
sub-OAS31009d0512,59.0,0
sub-IXI297,51.29089665,0
sub-OAS30360d0000,58.13826,0
sub-A00037439,53.0,0
sub-A00037457,55.0,1
sub-0051491,56.2,0
sub-OAS30249d0000,50.78987,0
sub-IXI048,50.65023956,0
sub-OAS30531d1348,55.0,1
sub-51182,57.0,0
sub-OAS31167d2053,57.0,0
sub-OAS30673d2417,51.0,1
sub-50771,53.0,1
sub-IXI429,55.54004107,1
sub-IXI598,52.88706366,0
sub-IXI126,57.22108145,0
sub-OAS30531d2584,59.0,1
sub-IXI575,57.75496235,1
sub-OAS31023d0225,54.0,1
sub-OAS30600d1176,56.0,1
sub-OAS30360d0118,58.0,0
sub-OAS30946d0671,55.0,1
sub-A00053627,53.0,1
sub-73547,55.0,1
sub-A00038959,57.0,1
sub-IXI386,52.30116359,1
sub-0027042,53.0,0
sub-OAS30276d2342,57.13347,1
sub-64463,52.0,0
sub-OAS30093d0070,59.0,1
sub-IXI574,50.57357974,1
sub-OAS30241d1706,52.0,1
sub-86398,55.0,0
sub-0026172,57.0,1
sub-55114,58.0,0
sub-55114,58.0,1
sub-OAS30083d0360,58.655716,1
sub-OAS30222d1111,51.47981,0
sub-76378,52.0,1
sub-0025586,51.0,1
sub-IXI398,51.65776865,1
sub-24237,52.0,1
sub-OAS30308d0004,55.0,1
sub-OAS30857d0058,50.0,0
sub-OAS31078d1145,52.109512,1
sub-OAS30067d0057,56.0,0
sub-A00033903,58.0,1
sub-OAS30112d0098,53.0,0
sub-OAS30004d3458,55.096508,1
sub-OAS30963d1636,53.0,0
sub-IXI325,52.66529774,1
sub-81596,53.0,0
sub-OAS31064d0762,50.0,0
sub-OAS30963d1279,52.0,0
sub-OAS30103d4174,56.503765,1
sub-A00008326,59.0,1
sub-OAS30390d0346,51.0,0
sub-OAS30274d0605,55.0,1
sub-77073,52.0,1
sub-OAS30956d0082,56.0,1
sub-OAS31072d2178,52.0,0
sub-A00043417,53.0,1
sub-0025593,58.0,0
sub-OAS30444d0001,55.0,1
sub-OAS30747d0338,54.0,0
sub-OAS30507d0391,56.0,1
sub-56582,57.0,1
sub-OAS30748d0219,55.0,1
sub-OAS30946d0000,53.316906,1
sub-0025592,58.0,1
sub-OAS30308d0423,56.0,1
sub-IXI408,52.12867899,1
sub-OAS30647d0000,54.494183,1
sub-OAS30231d2510,52.0,1
sub-OAS30319d0000,52.42163,1
sub-OAS31165d1122,58.0,0
sub-A00052639,59.0,1
sub-OAS30581d0104,50.0,1
sub-59739,56.0,1
sub-OAS30112d1196,56.0,0
sub-A00035378,54.0,1
sub-A00033748,58.0,1
sub-IXI391,52.53114305,0
sub-OAS30660d0087,57.0,1
sub-OAS30005d2384,54.0,1
sub-OAS30608d0722,57.0,0
sub-17004,57.0,0
sub-0025994,54.0,0
sub-28020,52.0,0
sub-OAS30411d3025,55.0,0
sub-OAS30797d0426,57.0,0
sub-OAS30816d3328,59.019848,1
sub-OAS30452d2291,53.0,1
sub-OAS30936d6047,57.538673,1
sub-OAS30647d0232,55.0,1
sub-A00037492,55.0,0
sub-OAS30792d0000,58.95414,1
sub-94103,59.0,1
sub-IXI632,56.43805613,0
sub-OAS30711d0185,58.0,1
sub-OAS31166d0833,59.353867,1
sub-OAS30090d0118,53.0,0
sub-OAS30113d0894,55.0,0
sub-IXI219,53.08145106,1
sub-OAS30032d1661,54.0,1
sub-A00039846,58.0,1
sub-OAS30989d2594,58.0,1
sub-A00060383,55.0,0
sub-0026006,52.0,0
sub-IXI593,55.21971253,1
sub-OAS30161d0297,58.0,1
sub-19395,59.0,1
sub-A00037110,52.0,1
sub-OAS30590d0095,58.0,0
sub-IXI444,58.37645448,1
sub-A00087985,59.0,1
sub-0021001,57.0,1
sub-IXI630,54.68583162,0
sub-A00043762,53.0,1
sub-OAS31119d0069,53.0,0
sub-OAS30717d0039,57.0,1
sub-IXI437,55.59753593,1
sub-39259,53.0,1
sub-OAS30182d0094,56.0,0
sub-OAS31040d0067,58.0,1
sub-OAS31023d3441,53.620808,1
sub-A00040891,57.0,1
sub-0025383,55.0,0
sub-08255,53.0,0
sub-OAS30419d1139,50.0,1
sub-OAS30284d1633,58.0,1
sub-OAS30717d0000,57.45106,1
sub-A00044370,56.0,1
sub-A00062292,52.0,1
sub-IXI418,59.74264203,1
sub-IXI361,54.19301848,1
sub-IXI373,58.7926078,1
sub-IXI407,58.28062971,1
sub-A00028994,54.0,1
sub-OAS30411d3011,55.0,0
sub-A00062268,50.0,1
sub-OAS30008d1204,52.30664,1
sub-OAS30359d0069,56.0,1
sub-OAS30958d0900,54.0,1
sub-OAS30857d1271,53.0,0
sub-OAS31147d0147,56.0,0
sub-IXI401,55.58110883,1
sub-IXI417,59.88227242,0
sub-OAS31116d0329,51.0,0
sub-IXI259,59.78370979,1
sub-IXI400,55.58110883,1
sub-0025989,56.0,1
sub-OAS30452d0993,50.0,1
sub-OAS31081d3636,57.0,1
sub-OAS31104d1321,56.0,0
sub-OAS30786d1826,53.0,0
sub-IXI231,58.99247091,1
sub-OAS30956d0347,57.0,1
sub-OAS30062d1134,54.0,1
sub-OAS30126d1105,59.0,1
sub-A00028691,59.0,1
sub-OAS31155d5936,59.82204,0
sub-IXI410,53.41273101,1
sub-IXI169,58.76796715,1
sub-IXI156,59.38124572,1
sub-IXI329,55.6550308,0
sub-OAS30231d3630,55.0,1
sub-0026180,55.0,1
sub-OAS30182d0101,56.0,0
sub-OAS30249d0091,51.0,0
sub-IXI029,59.22245038,1
sub-OAS30531d0000,52.095825,1
sub-OAS30632d0000,57.349762,0
sub-IXI213,54.66392882,1
sub-A00028399,53.0,0
sub-A00061203,53.0,1
sub-A00063000,57.0,1
sub-OAS30673d2418,51.0,1
sub-IXI389,58.36824093,1
sub-OAS30486d1295,58.0,0
sub-56084,53.0,0
sub-OAS30904d1304,59.0,1
sub-OAS30004d1101,58.0,1
sub-A00059107,57.0,1
sub-OAS31137d3443,56.0,1
sub-OAS30200d0000,53.420944,0
sub-A00062416,57.0,1
sub-A00037111,52.0,1
sub-OAS30821d0063,57.0,1
sub-A00031683,51.0,0
sub-OAS30711d0434,59.0,1
sub-OAS31064d3883,59.0,0
sub-IXI414,59.74264203,1
sub-A00062285,51.0,1
sub-A00063110,54.0,0
sub-OAS30288d0897,53.0,0
sub-0025998,53.0,0
sub-OAS30227d0001,58.52156,1
sub-OAS31104d2333,59.0,0
sub-OAS30636d0056,58.0,1
sub-OAS30486d1300,58.0,0
sub-A00039820,57.0,1
sub-OAS30997d0058,59.0,1
sub-0025991,52.0,1
sub-A00035437,56.0,1
sub-OAS30241d3605,57.0,1
sub-0026016,57.0,1
sub-A00059662,57.0,1
sub-OAS30249d1952,56.0,0
sub-OAS30502d1195,54.0,1
sub-OAS30494d3704,51.427788,0
sub-OAS30300d0100,56.0,1
sub-IXI519,57.50581793,0
sub-OAS30482d1278,54.45859,1
sub-IXI099,51.75359343,0
sub-OAS30266d0486,56.0,0
sub-OAS30803d1966,57.0,1
sub-0025996,52.0,0
sub-30157,54.0,0
sub-OAS30375d6802,50.42026,0
sub-OAS30143d2218,58.9295,1
sub-44395,56.0,0
sub-OAS30636d0000,58.26694,1
sub-OAS31157d1964,53.0,1
sub-OAS30701d2371,52.0,1
sub-A00062368,52.0,1
sub-OAS30230d3855,56.0,1
sub-OAS31064d0785,50.0,0
sub-OAS30919d0035,58.0,0
sub-OAS30571d0120,54.0,1
sub-30623,51.0,0
sub-OAS31081d2012,53.0,1
sub-A00039257,55.0,1
sub-IXI608,52.49828884,0
sub-0025376,59.0,0
sub-OAS30690d0042,59.0,0
sub-OAS30093d0000,59.572895,1
sub-0025587,54.0,1
sub-OAS30803d0086,52.0,1
sub-OAS30735d0304,58.0,1
sub-IXI053,53.30595483,0
sub-OAS30693d0032,52.0,1
sub-A00033849,57.0,1
sub-OAS30452d3472,57.0,1
sub-IXI319,59.4715948,0
sub-0025588,57.0,1
sub-IXI403,53.53593429,1
sub-A00061962,51.0,1
sub-OAS30090d1294,56.0,0
sub-OAS30588d1637,51.0,1
sub-OAS30062d1745,56.0,1
sub-IXI217,57.21013005,1
sub-0026002,54.0,0
sub-0025409,59.0,1
sub-18955,53.0,1
sub-OAS30699d3846,54.0,0
sub-A00061210,57.0,0
sub-OAS30005d2377,54.0,1
sub-OAS30626d1213,59.0,1
sub-A00039249,52.0,1
sub-IXI360,54.19301848,1
sub-IXI076,55.8275154,0
sub-OAS30980d0659,55.0,1
sub-0026141,58.0,1
sub-00917,54.0,1
sub-OAS30608d1228,55.942505,0
sub-IXI367,54.21492129,1
sub-OAS31064d3450,58.0,0
sub-IXI286,54.27789185,0
sub-40217,54.0,0
sub-OAS30276d0138,57.0,1
sub-A00089407,55.0,1
sub-OAS30319d0043,52.0,1
sub-IXI526,54.6091718,1
sub-A00032862,50.0,1
sub-OAS30588d3591,56.0,1
sub-A00073525,52.0,1
sub-A00028246,55.0,1
sub-OAS31167d0064,51.0,0
sub-IXI622,59.68514716,0
sub-A00066864,58.0,1
sub-98802,56.0,0
sub-OAS30960d2110,57.0,1
sub-76678,50.0,1
sub-OAS30995d0000,58.491444,0
sub-IXI527,53.32785763,0
sub-OAS30411d1227,50.0,0
sub-53000,54.0,0
sub-A00064053,52.0,1
sub-OAS30747d0000,53.894592,0
sub-A00039895,50.0,1
sub-IXI381,59.67145791,1
sub-OAS30411d4368,59.0,0
sub-IXI644,56.8733744,0
sub-A00055692,56.0,1
sub-OAS30659d0410,58.0,1
sub-OAS30056d3491,59.0,1
sub-OAS30535d1336,55.0,1
